airline,nb_bumped,total_passengers,bumps_per_10k
United Airlines,4722,138000000,0.3421739130434783
American Airlines,3694,187000000,0.19754010695187166
Southwest Airlines,2299,167000000,0.13766467065868263
Delta Airlines,1917,177000000,0.10830508474576271
